Workbook
Name Slicer_City: #N/A
Name Slicer_Test_Name: #N/A
Name Slicer_Zone: #N/A

Sheet Zone-wise Performance
A3: Zone | B3: Average of Total Score
A4: East | B4: 239.66667
A5: North | B5: 208.77778
A6: South | B6: 222.20833
A7: West | B7: 207.0625
A8: Grand Total | B8: 213.45455

Sheet City-wise Top Students
A3: City | B3: Max of Total Score
A4: Bangalore | B4: 254
A5: Chennai | B5: 261
A6: HYDERABAD | B6: 259
A7: PUNE | B7: 264
A8: Grand Total | B8: 264

Sheet Subject-wise Performance
A3: Average of Maths | B3: Average of Physics | C3: Average of Chemistry
A4: 73.164474 | B4: 70.480263 | C4: 72.828947

Sheet Attendance vs Performance
A3: Attendance_Range | B3: Average of Average Score
A4: 60 | B4: 78
A5: 70 | B5: 71.184211
A6: 80 | B6: 70.848958
A7: 90 | B7: 74.503401
A8: Grand Total | B8: 72.157895

Sheet Dashboard

Sheet Sheet2
A3: Test_Name | B3: Average of Average Score
A4: Test1 | B4: 73.394558
A5: Test2 | B5: 70.261905
A6: Test3 | B6: 72.627778
A7: Tset1 | B7: 63
A8: Grand Total | B8: 72.157895

Sheet Sheet1
A1: Student_ID | B1: Name | C1: City | D1: Zone | E1: Maths | F1: Physics | G1: Chemistry | H1: Attendance | I1: Test_Name | J1: Standard City | K1: Standard Attendance | L1: Correct_Zone | M1: Total Score | N1: Average Score | O1: Performance Category | P1: Attendance_Percent | Q1: Attendance_Range
A2: 101 | B2: Rahul | C2: Bangalore | D2: South | E2: 78 | F2: 74 | G2: 86 | H2: 0.9 | I2: Test1 | J2: =UPPER(C6) -> BANGALORE | K2: =VALUE(SUBSTITUTE(H2,"%","")) -> 0.9 | L2: =VLOOKUP(C2, Mapping!A:B, 2, FALSE) -> South | M2: =E2 + F2 + G2 -> 238 | N2: =AVERAGE(E2, F2, G2) -> 79.333333 | O2: =IF(N2>80,"Top",IF(N2>60,"Average","Low")) -> Average | P2: =K2*100 -> 90 | Q2: =FLOOR(P2,10) -> 90
A3: 102 | B3: Dinesh | C3: HYDERABAD | D3: West | E3: 90 | F3: 86 | G3: 74 | H3: 0.82 | I3: Test1 | J3: =UPPER(C3) -> HYDERABAD | K3: =VALUE(SUBSTITUTE(H3,"%","")) -> 0.82 | L3: =VLOOKUP(C3, Mapping!A:B, 2, FALSE) -> South | M3: =E3 + F3 + G3 -> 250 | N3: =AVERAGE(E3, F3, G3) -> 83.333333 | O3: =IF(N3>80,"Top",IF(N3>60,"Average","Low")) -> Top | P3: =K3*100 -> 82 | Q3: =FLOOR(P3,10) -> 80
A4: 103 | B4: Deepika | C4: HYDERABAD | D4: West | E4: 66 | F4: 78 | G4: 90 | H4: seventy nine | I4: Test1 | J4: =UPPER(C4) -> HYDERABAD | K4: 0.79 | L4: =VLOOKUP(C4, Mapping!A:B, 2, FALSE) -> South | M4: =E4 + F4 + G4 -> 234 | N4: =AVERAGE(E4, F4, G4) -> 78 | O4: =IF(N4>80,"Top",IF(N4>60,"Average","Low")) -> Average | P4: =K4*100 -> 79 | Q4: =FLOOR(P4,10) -> 70
A5: 104 | B5: Soumya | C5: Bangalore | D5: North | E5: 52 | F5: 59 | G5: 78 | H5: 0.87 | I5: Test1 | J5: =UPPER(C6) -> BANGALORE | K5: 0.87 | L5: =VLOOKUP(C5, Mapping!A:B, 2, FALSE) -> South | M5: =E5 + F5 + G5 -> 189 | N5: =AVERAGE(E5, F5, G5) -> 63 | O5: =IF(N5>80,"Top",IF(N5>60,"Average","Low")) -> Average | P5: =K5*100 -> 87 | Q5: =FLOOR(P5,10) -> 80
A6: 105 | B6: Ram | C6: BANGALORE | D6: South | E6: 59 | F6: 90 | G6: 59 | H6: 0.85 | I6: Test1 | J6: =UPPER(C6) -> BANGALORE | K6: 0.85 | L6: =VLOOKUP(C6, Mapping!A:B, 2, FALSE) -> South | M6: =E6 + F6 + G6 -> 208 | N6: =AVERAGE(E6, F6, G6) -> 69.333333 | O6: =IF(N6>80,"Top",IF(N6>60,"Average","Low")) -> Average | P6: =K6*100 -> 85 | Q6: =FLOOR(P6,10) -> 80
A7: 106 | B7: Sam | C7: Chennai | D7: East | E7: 86 | F7: 78 | G7: 66 | H7: 0.79 | I7: Test1 | J7: =UPPER(C7) -> CHENNAI | K7: 0.79 | L7: =VLOOKUP(C7, Mapping!A:B, 2, FALSE) -> South | M7: =E7 + F7 + G7 -> 230 | N7: =AVERAGE(E7, F7, G7) -> 76.666667 | O7: =IF(N7>80,"Top",IF(N7>60,"Average","Low")) -> Average | P7: =K7*100 -> 79 | Q7: =FLOOR(P7,10) -> 70
A8: 107 | B8: Jam | C8: Bangalore | D8: South | E8: 90 | F8: 66 | G8: 90 | H8: eighty five | I8: Test1 | J8: =UPPER(C8) -> BANGALORE | K8: 0.85 | L8: =VLOOKUP(C8, Mapping!A:B, 2, FALSE) -> South | M8: =E8 + F8 + G8 -> 246 | N8: =AVERAGE(E8, F8, G8) -> 82 | O8: =IF(N8>80,"Top",IF(N8>60,"Average","Low")) -> Top | P8: =K8*100 -> 85 | Q8: =FLOOR(P8,10) -> 80
A9: 108 | B9: Sai | C9: hyderabad | D9: West | E9: 59 | F9: 66 | G9: 74 | H9: 0.82 | I9: Test1 | J9: =UPPER(C9) -> HYDERABAD | K9: 0.82 | L9: =VLOOKUP(C9, Mapping!A:B, 2, FALSE) -> South | M9: =E9 + F9 + G9 -> 199 | N9: =AVERAGE(E9, F9, G9) -> 66.333333 | O9: =IF(N9>80,"Top",IF(N9>60,"Average","Low")) -> Average | P9: =K9*100 -> 82 | Q9: =FLOOR(P9,10) -> 80
A10: 109 | B10: Diya | C10: BANGALORE | D10: East | E10: 78 | F10: 86 | G10: 59 | H10: seventy nine | I10: Test1 | J10: =UPPER(C10) -> BANGALORE | K10: 0.79 | L10: =VLOOKUP(C10, Mapping!A:B, 2, FALSE) -> South | M10: =E10 + F10 + G10 -> 223 | N10: =AVERAGE(E10, F10, G10) -> 74.333333 | O10: =IF(N10>80,"Top",IF(N10>60,"Average","Low")) -> Average | P10: =K10*100 -> 79 | Q10: =FLOOR(P10,10) -> 70
A11: 119 | B11: Ramya | C11: Bangalore | D11: West | E11: 66 | F11: 59 | G11: 78 | H11: 0.9 | I11: Test1 | J11: =UPPER(C11) -> BANGALORE | K11: 0.9 | L11: =VLOOKUP(C11, Mapping!A:B, 2, FALSE) -> South | M11: =E11 + F11 + G11 -> 203 | N11: =AVERAGE(E11, F11, G11) -> 67.666667 | O11: =IF(N11>80,"Top",IF(N11>60,"Average","Low")) -> Average | P11: =K11*100 -> 90 | Q11: =FLOOR(P11,10) -> 90
A12: 111 | B12: Hari | C12: Bangalore | D12: West | E12: 86 | F12: 90 | G12: 66 | H12: ninety two | I12: Test1 | J12: =UPPER(C6) -> BANGALORE | K12: 0.92 | L12: =VLOOKUP(C12, Mapping!A:B, 2, FALSE) -> South | M12: =E12 + F12 + G12 -> 242 | N12: =AVERAGE(E12, F12, G12) -> 80.666667 | O12: =IF(N12>80,"Top",IF(N12>60,"Average","Low")) -> Top | P12: =K12*100 -> 92 | Q12: =FLOOR(P12,10) -> 90
A13: 112 | B13: Priya | C13: Chennai | D13: South | E13: 90 | F13: 66 | G13: 90 | H13: 0.85 | I13: Test1 | J13: =UPPER(C13) -> CHENNAI | K13: 0.85 | L13: =VLOOKUP(C13, Mapping!A:B, 2, FALSE) -> South | M13: =E13 + F13 + G13 -> 246 | N13: =AVERAGE(E13, F13, G13) -> 82 | O13: =IF(N13>80,"Top",IF(N13>60,"Average","Low")) -> Top | P13: =K13*100 -> 85 | Q13: =FLOOR(P13,10) -> 80
A14: 113 | B14: Harthik | C14: Chennai | D14: West | E14: 59 | F14: 78 | G14: 86 | H14: 0.79 | I14: Test1 | J14: =UPPER(C14) -> CHENNAI | K14: 0.79 | L14: =VLOOKUP(C14, Mapping!A:B, 2, FALSE) -> South | M14: =E14 + F14 + G14 -> 223 | N14: =AVERAGE(E14, F14, G14) -> 74.333333 | O14: =IF(N14>80,"Top",IF(N14>60,"Average","Low")) -> Average | P14: =K14*100 -> 79 | Q14: =FLOOR(P14,10) -> 70
A15: 114 | B15: Deepa | C15: Bangalore | D15: North | E15: 66 | F15: 74 | G15: 59 | H15: 0.95 | I15: Test1 | J15: =UPPER(C15) -> BANGALORE | K15: 0.95 | L15: =VLOOKUP(C15, Mapping!A:B, 2, FALSE) -> South | M15: =E15 + F15 + G15 -> 199 | N15: =AVERAGE(E15, F15, G15) -> 66.333333 | O15: =IF(N15>80,"Top",IF(N15>60,"Average","Low")) -> Average | P15: =K15*100 -> 95 | Q15: =FLOOR(P15,10) -> 90
A16: 115 | B16: Deepthi | C16: Chennai | D16: West | E16: 86 | F16: 90 | G16: 78 | H16: 0.85 | I16: Test1 | J16: =UPPER(C16) -> CHENNAI | K16: 0.85 | L16: =VLOOKUP(C16, Mapping!A:B, 2, FALSE) -> South | M16: =E16 + F16 + G16 -> 254 | N16: =AVERAGE(E16, F16, G16) -> 84.666667 | O16: =IF(N16>80,"Top",IF(N16>60,"Average","Low")) -> Top | P16: =K16*100 -> 85 | Q16: =FLOOR(P16,10) -> 80
A17: 116 | B17: Fathima | C17: Bangalore | D17: South | E17: 78 | F17: 86 | G17: 86 | H17: 0.82 | I17: Test1 | J17: =UPPER(C6) -> BANGALORE | K17: 0.82 | L17: =VLOOKUP(C17, Mapping!A:B, 2, FALSE) -> South | M17: =E17 + F17 + G17 -> 250 | N17: =AVERAGE(E17, F17, G17) -> 83.333333 | O17: =IF(N17>80,"Top",IF(N17>60,"Average","Low")) -> Top | P17: =K17*100 -> 82 | Q17: =FLOOR(P17,10) -> 80
A18: 106 | B18: Sri | C18: Bangalore | D18: North | E18: 90 | F18: 66 | G18: 66 | H18: eighty five | I18: Test1 | J18: =UPPER(C18) -> BANGALORE | K18: 0.85 | L18: =VLOOKUP(C18, Mapping!A:B, 2, FALSE) -> South | M18: =E18 + F18 + G18 -> 222 | N18: =AVERAGE(E18, F18, G18) -> 74 | O18: =IF(N18>80,"Top",IF(N18>60,"Average","Low")) -> Average | P18: =K18*100 -> 85 | Q18: =FLOOR(P18,10) -> 80
A19: 118 | B19: Satya | C19: Bangalore | D19: West | E19: 59 | F19: 86 | G19: 90 | H19: 0.95 | I19: Test1 | J19: =UPPER(C19) -> BANGALORE | K19: 0.95 | L19: =VLOOKUP(C19, Mapping!A:B, 2, FALSE) -> South | M19: =E19 + F19 + G19 -> 235 | N19: =AVERAGE(E19, F19, G19) -> 78.333333 | O19: =IF(N19>80,"Top",IF(N19>60,"Average","Low")) -> Average | P19: =K19*100 -> 95 | Q19: =FLOOR(P19,10) -> 90
A20: 119 | B20: Hema | C20: hyderabad | D20: East | E20: 66 | F20: 59 | G20: 78 | H20: 0.87 | I20: Test1 | J20: =UPPER(C20) -> HYDERABAD | K20: 0.87 | L20: =VLOOKUP(C20, Mapping!A:B, 2, FALSE) -> South | M20: =E20 + F20 + G20 -> 203 | N20: =AVERAGE(E20, F20, G20) -> 67.666667 | O20: =IF(N20>80,"Top",IF(N20>60,"Average","Low")) -> Average | P20: =K20*100 -> 87 | Q20: =FLOOR(P20,10) -> 80
A21: 120 | B21: Hrushi | C21: BANGALORE | D21: West | E21: 74 | F21: 74 | G21: 59 | H21: ninety two | I21: Test1 | J21: =UPPER(C21) -> BANGALORE | K21: 0.92 | L21: =VLOOKUP(C21, Mapping!A:B, 2, FALSE) -> South | M21: =E21 + F21 + G21 -> 207 | N21: =AVERAGE(E21, F21, G21) -> 69 | O21: =IF(N21>80,"Top",IF(N21>60,"Average","Low")) -> Average | P21: =K21*100 -> 92 | Q21: =FLOOR(P21,10) -> 90
A22: 121 | B22: Henu | C22: Chennai | D22: North | E22: 90 | F22: 78 | G22: 66 | H22: 0.79 | I22: Test1 | J22: =UPPER(C22) -> CHENNAI | K22: 0.79 | L22: =VLOOKUP(C22, Mapping!A:B, 2, FALSE) -> South | M22: =E22 + F22 + G22 -> 234 | N22: =AVERAGE(E22, F22, G22) -> 78 | O22: =IF(N22>80,"Top",IF(N22>60,"Average","Low")) -> Average | P22: =K22*100 -> 79 | Q22: =FLOOR(P22,10) -> 70
A23: 106 | B23: Avi | C23: Bangalore | D23: West | E23: 86 | F23: 52 | G23: 90 | H23: 0.85 | I23: Test1 | J23: =UPPER(C23) -> BANGALORE | K23: 0.85 | L23: =VLOOKUP(C23, Mapping!A:B, 2, FALSE) -> South | M23: =E23 + F23 + G23 -> 228 | N23: =AVERAGE(E23, F23, G23) -> 76 | O23: =IF(N23>80,"Top",IF(N23>60,"Average","Low")) -> Average | P23: =K23*100 -> 85 | Q23: =FLOOR(P23,10) -> 80
A24: 111 | B24: Pavi | C24: Bangalore | D24: South | E24: 66 | F24: 90 | G24: 74 | H24: 0.82 | I24: Test1 | J24: =UPPER(C6) -> BANGALORE | K24: 0.82 | L24: =VLOOKUP(C24, Mapping!A:B, 2, FALSE) -> South | M24: =E24 + F24 + G24 -> 230 | N24: =AVERAGE(E24, F24, G24) -> 76.666667 | O24: =IF(N24>80,"Top",IF(N24>60,"Average","Low")) -> Average | P24: =K24*100 -> 82 | Q24: =FLOOR(P24,10) -> 80
A25: 124 | B25: Sheeba | C25: BANGALORE | D25: West | E25: 74 | F25: 66 | G25: 78 | H25: 0.9 | I25: Test1 | J25: =UPPER(C25) -> BANGALORE | K25: 0.9 | L25: =VLOOKUP(C25, Mapping!A:B, 2, FALSE) -> South | M25: =E25 + F25 + G25 -> 218 | N25: =AVERAGE(E25, F25, G25) -> 72.666667 | O25: =IF(N25>80,"Top",IF(N25>60,"Average","Low")) -> Average | P25: =K25*100 -> 90 | Q25: =FLOOR(P25,10) -> 90
A26: 133 | B26: Nis | C26: Bangalore | D26: East | E26: 78 | F26: 86 | G26: 90 | H26: seventy nine | I26: Test1 | J26: =UPPER(C6) -> BANGALORE | K26: 0.79 | L26: =VLOOKUP(C26, Mapping!A:B, 2, FALSE) -> South | M26: =E26 + F26 + G26 -> 254 | N26: =AVERAGE(E26, F26, G26) -> 84.666667 | O26: =IF(N26>80,"Top",IF(N26>60,"Average","Low")) -> Top | P26: =K26*100 -> 79 | Q26: =FLOOR(P26,10) -> 70
A27: 108 | B27: Blessy | C27: Chennai | D27: North | E27: 59 | F27: 59 | G27: 66 | H27: 0.79 | I27: Test1 | J27: =UPPER(C27) -> CHENNAI | K27: 0.79 | L27: =VLOOKUP(C27, Mapping!A:B, 2, FALSE) -> South | M27: =E27 + F27 + G27 -> 184 | N27: =AVERAGE(E27, F27, G27) -> 61.333333 | O27: =IF(N27>80,"Top",IF(N27>60,"Average","Low")) -> Average | P27: =K27*100 -> 79 | Q27: =FLOOR(P27,10) -> 70
A28: 127 | B28: Siri | C28: hyderabad | D28: South | E28: 66 | F28: 78 | G28: 90 | H28: 0.85 | I28: Test1 | J28: =UPPER(C28) -> HYDERABAD | K28: 0.85 | L28: =VLOOKUP(C28, Mapping!A:B, 2, FALSE) -> South | M28: =E28 + F28 + G28 -> 234 | N28: =AVERAGE(E28, F28, G28) -> 78 | O28: =IF(N28>80,"Top",IF(N28>60,"Average","Low")) -> Average | P28: =K28*100 -> 85 | Q28: =FLOOR(P28,10) -> 80
A29: 130 | B29: Chintu | C29: Bangalore | D29: West | E29: 90 | F29: 52 | G29: 59 | H29: 0.82 | I29: Test1 | J29: =UPPER(C6) -> BANGALORE | K29: 0.82 | L29: =VLOOKUP(C29, Mapping!A:B, 2, FALSE) -> South | M29: =E29 + F29 + G29 -> 201 | N29: =AVERAGE(E29, F29, G29) -> 67 | O29: =IF(N29>80,"Top",IF(N29>60,"Average","Low")) -> Average | P29: =K29*100 -> 82 | Q29: =FLOOR(P29,10) -> 80
A30: 106 | B30: Ramesh | C30: Bangalore | D30: North | E30: 74 | F30: 90 | G30: 78 | H30: 0.79 | I30: Test1 | J30: =UPPER(C30) -> BANGALORE | K30: 0.79 | L30: =VLOOKUP(C30, Mapping!A:B, 2, FALSE) -> South | M30: =E30 + F30 + G30 -> 242 | N30: =AVERAGE(E30, F30, G30) -> 80.666667 | O30: =IF(N30>80,"Top",IF(N30>60,"Average","Low")) -> Top | P30: =K30*100 -> 79 | Q30: =FLOOR(P30,10) -> 70
A31: 130 | B31: Suresh | C31: Bangalore | D31: West | E31: 78 | F31: 52 | G31: 66 | H31: eighty five | I31: Test1 | J31: =UPPER(C6) -> BANGALORE | K31: 0.85 | L31: =VLOOKUP(C31, Mapping!A:B, 2, FALSE) -> South | M31: =E31 + F31 + G31 -> 196 | N31: =AVERAGE(E31, F31, G31) -> 65.333333 | O31: =IF(N31>80,"Top",IF(N31>60,"Average","Low")) -> Average | P31: =K31*100 -> 85 | Q31: =FLOOR(P31,10) -> 80
A32: 131 | B32: Prem | C32: Bangalore | D32: North | E32: 59 | F32: 52 | G32: 90 | H32: 0.87 | I32: Test1 | J32: =UPPER(C32) -> BANGALORE | K32: 0.87 | L32: =VLOOKUP(C32, Mapping!A:B, 2, FALSE) -> South | M32: =E32 + F32 + G32 -> 201 | N32: =AVERAGE(E32, F32, G32) -> 67 | O32: =IF(N32>80,"Top",IF(N32>60,"Average","Low")) -> Average | P32: =K32*100 -> 87 | Q32: =FLOOR(P32,10) -> 80
A33: 132 | B33: Guna | C33: BANGALORE | D33: South | E33: 52 | F33: 78 | G33: 74 | H33: 0.9 | I33: Test1 | J33: =UPPER(C6) -> BANGALORE | K33: 0.9 | L33: =VLOOKUP(C33, Mapping!A:B, 2, FALSE) -> South | M33: =E33 + F33 + G33 -> 204 | N33: =AVERAGE(E33, F33, G33) -> 68 | O33: =IF(N33>80,"Top",IF(N33>60,"Average","Low")) -> Average | P33: =K33*100 -> 90 | Q33: =FLOOR(P33,10) -> 90
A34: 133 | B34: Anudeep | C34: Chennai | D34: West | E34: 74 | F34: 59 | G34: 59 | H34: 0.82 | I34: Test1 | J34: =UPPER(C34) -> CHENNAI | K34: 0.82 | L34: =VLOOKUP(C34, Mapping!A:B, 2, FALSE) -> South | M34: =E34 + F34 + G34 -> 192 | N34: =AVERAGE(E34, F34, G34) -> 64 | O34: =IF(N34>80,"Top",IF(N34>60,"Average","Low")) -> Average | P34: =K34*100 -> 82 | Q34: =FLOOR(P34,10) -> 80
A35: 106 | B35: Vishal | C35: Bangalore | D35: West | E35: 66 | F35: 66 | G35: 90 | H35: 0.95 | I35: Test1 | J35: =UPPER(C6) -> BANGALORE | K35: 0.95 | L35: =VLOOKUP(C35, Mapping!A:B, 2, FALSE) -> South | M35: =E35 + F35 + G35 -> 222 | N35: =AVERAGE(E35, F35, G35) -> 74 | O35: =IF(N35>80,"Top",IF(N35>60,"Average","Low")) -> Average | P35: =K35*100 -> 95 | Q35: =FLOOR(P35,10) -> 90
A36: 119 | B36: Banthi | C36: Chennai | D36: East | E36: 59 | F36: 90 | G36: 78 | H36: seventy nine | I36: Test1 | J36: =UPPER(C36) -> CHENNAI | K36: 0.79 | L36: =VLOOKUP(C36, Mapping!A:B, 2, FALSE) -> South | M36: =E36 + F36 + G36 -> 227 | N36: =AVERAGE(E36, F36, G36) -> 75.666667 | O36: =IF(N36>80,"Top",IF(N36>60,"Average","Low")) -> Average | P36: =K36*100 -> 79 | Q36: =FLOOR(P36,10) -> 70
A37: 136 | B37: Nani | C37: hyderabad | D37: North | E37: 78 | F37: 52 | G37: 59 | H37: 0.79 | I37: Test1 | J37: =UPPER(C37) -> HYDERABAD | K37: 0.79 | L37: =VLOOKUP(C37, Mapping!A:B, 2, FALSE) -> South | M37: =E37 + F37 + G37 -> 189 | N37: =AVERAGE(E37, F37, G37) -> 63 | O37: =IF(N37>80,"Top",IF(N37>60,"Average","Low")) -> Average | P37: =K37*100 -> 79 | Q37: =FLOOR(P37,10) -> 70
A38: 146 | B38: Pinky | C38: BANGALORE | D38: South | E38: 90 | F38: 66 | G38: 66 | H38: 0.9 | I38: Test1 | J38: =UPPER(C38) -> BANGALORE | K38: 0.9 | L38: =VLOOKUP(C38, Mapping!A:B, 2, FALSE) -> South | M38: =E38 + F38 + G38 -> 222 | N38: =AVERAGE(E38, F38, G38) -> 74 | O38: =IF(N38>80,"Top",IF(N38>60,"Average","Low")) -> Average | P38: =K38*100 -> 90 | Q38: =FLOOR(P38,10) -> 90
A39: 138 | B39: Chanti | C39: Bangalore | D39: East | E39: 74 | F39: 78 | G39: 90 | H39: ninety two | I39: Test1 | J39: =UPPER(C39) -> BANGALORE | K39: 0.92 | L39: =VLOOKUP(C39, Mapping!A:B, 2, FALSE) -> South | M39: =E39 + F39 + G39 -> 242 | N39: =AVERAGE(E39, F39, G39) -> 80.666667 | O39: =IF(N39>80,"Top",IF(N39>60,"Average","Low")) -> Top | P39: =K39*100 -> 92 | Q39: =FLOOR(P39,10) -> 90
A40: 139 | B40: Prasad | C40: PUNE | D40: West | E40: 66 | F40: 66 | G40: 52 | H40: 0.79 | I40: Test1 | J40: PUNE | K40: 0.79 | L40: =VLOOKUP(C40, Mapping!A:B, 2, FALSE) -> West | M40: =E40 + F40 + G40 -> 184 | N40: =AVERAGE(E40, F40, G40) -> 61.333333 | O40: =IF(N40>80,"Top",IF(N40>60,"Average","Low")) -> Average | P40: =K40*100 -> 79 | Q40: =FLOOR(P40,10) -> 70
A41: 140 | B41: Shyam | C41: Bangalore | D41: North | E41: 59 | F41: 90 | G41: 59 | H41: 0.87 | I41: Test1 | J41: =UPPER(C6) -> BANGALORE | K41: 0.87 | L41: =VLOOKUP(C41, Mapping!A:B, 2, FALSE) -> South | M41: =E41 + F41 + G41 -> 208 | N41: =AVERAGE(E41, F41, G41) -> 69.333333 | O41: =IF(N41>80,"Top",IF(N41>60,"Average","Low")) -> Average | P41: =K41*100 -> 87 | Q41: =FLOOR(P41,10) -> 80
A42: 141 | B42: Rohith | C42: Chennai | D42: South | E42: 78 | F42: 74 | G42: 86 | H42: eighty five | I42: Test1 | J42: =UPPER(C34) -> CHENNAI | K42: 0.85 | L42: =VLOOKUP(C42, Mapping!A:B, 2, FALSE) -> South | M42: =E42 + F42 + G42 -> 238 | N42: =AVERAGE(E42, F42, G42) -> 79.333333 | O42: =IF(N42>80,"Top",IF(N42>60,"Average","Low")) -> Average | P42: =K42*100 -> 85 | Q42: =FLOOR(P42,10) -> 80
A43: 106 | B43: Vamsi | C43: Bangalore | D43: West | E43: 74 | F43: 66 | G43: 59 | H43: 0.82 | I43: Test1 | J43: =UPPER(C18) -> BANGALORE | K43: 0.82 | L43: =VLOOKUP(C43, Mapping!A:B, 2, FALSE) -> South | M43: =E43 + F43 + G43 -> 199 | N43: =AVERAGE(E43, F43, G43) -> 66.333333 | O43: =IF(N43>80,"Top",IF(N43>60,"Average","Low")) -> Average | P43: =K43*100 -> 82 | Q43: =FLOOR(P43,10) -> 80
A44: 122 | B44: Kalyan | C44: hyderabad | D44: West | E44: 90 | F44: 59 | G44: 59 | H44: 0.87 | I44: Test1 | J44: =UPPER(C20) -> HYDERABAD | K44: 0.87 | L44: =VLOOKUP(C44, Mapping!A:B, 2, FALSE) -> South | M44: =E44 + F44 + G44 -> 208 | N44: =AVERAGE(E44, F44, G44) -> 69.333333 | O44: =IF(N44>80,"Top",IF(N44>60,"Average","Low")) -> Average | P44: =K44*100 -> 87 | Q44: =FLOOR(P44,10) -> 80
A45: 144 | B45: Tilak | C45: PUNE | D45: North | E45: 74 | F45: 90 | G45: 90 | H45: 0.9 | I45: Test1 | J45: PUNE | K45: 0.9 | L45: =VLOOKUP(C45, Mapping!A:B, 2, FALSE) -> West | M45: =E45 + F45 + G45 -> 254 | N45: =AVERAGE(E45, F45, G45) -> 84.666667 | O45: =IF(N45>80,"Top",IF(N45>60,"Average","Low")) -> Top | P45: =K45*100 -> 90 | Q45: =FLOOR(P45,10) -> 90
A46: 145 | B46: Srihitha | C46: Bangalore | D46: West | E46: 59 | F46: 78 | G46: 52 | H46: ninety two | I46: Test1 | J46: =UPPER(C6) -> BANGALORE | K46: 0.92 | L46: =VLOOKUP(C46, Mapping!A:B, 2, FALSE) -> South | M46: =E46 + F46 + G46 -> 189 | N46: =AVERAGE(E46, F46, G46) -> 63 | O46: =IF(N46>80,"Top",IF(N46>60,"Average","Low")) -> Average | P46: =K46*100 -> 92 | Q46: =FLOOR(P46,10) -> 90
A47: 146 | B47: Lakshmi | C47: Bangalore | D47: South | E47: 52 | F47: 66 | G47: 66 | H47: 0.79 | I47: Test1 | J47: =UPPER(C18) -> BANGALORE | K47: 0.79 | L47: =VLOOKUP(C47, Mapping!A:B, 2, FALSE) -> South | M47: =E47 + F47 + G47 -> 184 | N47: =AVERAGE(E47, F47, G47) -> 61.333333 | O47: =IF(N47>80,"Top",IF(N47>60,"Average","Low")) -> Average | P47: =K47*100 -> 79 | Q47: =FLOOR(P47,10) -> 70
A48: 128 | B48: Suvetha | C48: hyderabad | D48: East | E48: 52 | F48: 90 | G48: 66 | H48: 0.85 | I48: Test1 | J48: =UPPER(C20) -> HYDERABAD | K48: 0.85 | L48: =VLOOKUP(C48, Mapping!A:B, 2, FALSE) -> South | M48: =E48 + F48 + G48 -> 208 | N48: =AVERAGE(E48, F48, G48) -> 69.333333 | O48: =IF(N48>80,"Top",IF(N48>60,"Average","Low")) -> Average | P48: =K48*100 -> 85 | Q48: =FLOOR(P48,10) -> 80
A49: 148 | B49: Srija | C49: BANGALORE | D49: South | E49: 90 | F49: 59 | G49: 78 | H49: 0.87 | I49: Test1 | J49: =UPPER(C18) -> BANGALORE | K49: 0.87 | L49: =VLOOKUP(C49, Mapping!A:B, 2, FALSE) -> South | M49: =E49 + F49 + G49 -> 227 | N49: =AVERAGE(E49, F49, G49) -> 75.666667 | O49: =IF(N49>80,"Top",IF(N49>60,"Average","Low")) -> Average | P49: =K49*100 -> 87 | Q49: =FLOOR(P49,10) -> 80
A50: 149 | B50: Pujitha | C50: Chennai | D50: West | E50: 78 | F50: 59 | G50: 90 | H50: 0.95 | I50: Test1 | J50: =UPPER(C34) -> CHENNAI | K50: 0.95 | L50: =VLOOKUP(C50, Mapping!A:B, 2, FALSE) -> South | M50: =E50 + F50 + G50 -> 227 | N50: =AVERAGE(E50, F50, G50) -> 75.666667 | O50: =IF(N50>80,"Top",IF(N50>60,"Average","Low")) -> Average | P50: =K50*100 -> 95 | Q50: =FLOOR(P50,10) -> 90
A51: 150 | B51: Rahju | C51: PUNE | D51: South | E51: 88 | F51: 79 | G51: 64 | H51: 0.85 | I51: Test1 | J51: PUNE | K51: 0.85 | L51: =VLOOKUP(C51, Mapping!A:B, 2, FALSE) -> West | M51: =E51 + F51 + G51 -> 231 | N51: =AVERAGE(E51, F51, G51) -> 77 | O51: =IF(N51>80,"Top",IF(N51>60,"Average","Low")) -> Average | P51: =K51*100 -> 85 | Q51: =FLOOR(P51,10) -> 80
A52: 121 | B52: Henu | C52: Chennai | D52: North | E52: 90 | F52: 78 | G52: 66 | H52: 0.79 | I52: Test2 | J52: =UPPER(C34) -> CHENNAI | K52: 0.79 | L52: =VLOOKUP(C52, Mapping!A:B, 2, FALSE) -> South | M52: =E52 + F52 + G52 -> 234 | N52: =AVERAGE(E52, F52, G52) -> 78 | O52: =IF(N52>80,"Top",IF(N52>60,"Average","Low")) -> Average | P52: =K52*100 -> 79 | Q52: =FLOOR(P52,10) -> 70
A53: 133 | B53: Anudeep | C53: Chennai | D53: West | E53: 74 | F53: 59 | G53: 59 | H53: 0.82 | I53: Test2 | J53: =UPPER(C34) -> CHENNAI | K53: 0.82 | L53: =VLOOKUP(C53, Mapping!A:B, 2, FALSE) -> South | M53: =E53 + F53 + G53 -> 192 | N53: =AVERAGE(E53, F53, G53) -> 64 | O53: =IF(N53>80,"Top",IF(N53>60,"Average","Low")) -> Average | P53: =K53*100 -> 82 | Q53: =FLOOR(P53,10) -> 80
A54: 148 | B54: Srija | C54: BANGALORE | D54: South | E54: 90 | F54: 59 | G54: 78 | H54: 0.87 | I54: Test2 | J54: =UPPER(C18) -> BANGALORE | K54: 0.87 | L54: =VLOOKUP(C54, Mapping!A:B, 2, FALSE) -> South | M54: =E54 + F54 + G54 -> 227 | N54: =AVERAGE(E54, F54, G54) -> 75.666667 | O54: =IF(N54>80,"Top",IF(N54>60,"Average","Low")) -> Average | P54: =K54*100 -> 87 | Q54: =FLOOR(P54,10) -> 80
A55: 108 | B55: Blessy | C55: Chennai | D55: North | E55: 59 | F55: 59 | G55: 66 | H55: 0.79 | I55: Test2 | J55: =UPPER(C34) -> CHENNAI | K55: 0.79 | L55: =VLOOKUP(C55, Mapping!A:B, 2, FALSE) -> South | M55: =E55 + F55 + G55 -> 184 | N55: =AVERAGE(E55, F55, G55) -> 61.333333 | O55: =IF(N55>80,"Top",IF(N55>60,"Average","Low")) -> Average | P55: =K55*100 -> 79 | Q55: =FLOOR(P55,10) -> 70
A56: 106 | B56: Vamsi | C56: Bangalore | D56: West | E56: 74 | F56: 66 | G56: 59 | H56: 0.82 | I56: Test2 | J56: =UPPER(C18) -> BANGALORE | K56: 0.82 | L56: =VLOOKUP(C56, Mapping!A:B, 2, FALSE) -> South | M56: =E56 + F56 + G56 -> 199 | N56: =AVERAGE(E56, F56, G56) -> 66.333333 | O56: =IF(N56>80,"Top",IF(N56>60,"Average","Low")) -> Average | P56: =K56*100 -> 82 | Q56: =FLOOR(P56,10) -> 80
A57: 146 | B57: Lakshmi | C57: Chennai | D57: South | E57: 52 | F57: 66 | G57: 66 | H57: eighty five | I57: Test2 | J57: =UPPER(C34) -> CHENNAI | K57: 0.85 | L57: =VLOOKUP(C57, Mapping!A:B, 2, FALSE) -> South | M57: =E57 + F57 + G57 -> 184 | N57: =AVERAGE(E57, F57, G57) -> 61.333333 | O57: =IF(N57>80,"Top",IF(N57>60,"Average","Low")) -> Average | P57: =K57*100 -> 85 | Q57: =FLOOR(P57,10) -> 80
A58: 104 | B58: Soumya | C58: Bangalore | D58: North | E58: 52 | F58: 59 | G58: 78 | H58: 0.87 | I58: Test2 | J58: =UPPER(C6) -> BANGALORE | K58: 0.87 | L58: =VLOOKUP(C58, Mapping!A:B, 2, FALSE) -> South | M58: =E58 + F58 + G58 -> 189 | N58: =AVERAGE(E58, F58, G58) -> 63 | O58: =IF(N58>80,"Top",IF(N58>60,"Average","Low")) -> Average | P58: =K58*100 -> 87 | Q58: =FLOOR(P58,10) -> 80
A59: 124 | B59: Sheeba | C59: Chennai | D59: West | E59: 74 | F59: 66 | G59: 78 | H59: 0.9 | I59: Test2 | J59: =UPPER(C34) -> CHENNAI | K59: 0.9 | L59: =VLOOKUP(C59, Mapping!A:B, 2, FALSE) -> South | M59: =E59 + F59 + G59 -> 218 | N59: =AVERAGE(E59, F59, G59) -> 72.666667 | O59: =IF(N59>80,"Top",IF(N59>60,"Average","Low")) -> Average | P59: =K59*100 -> 90 | Q59: =FLOOR(P59,10) -> 90
A60: 106 | B60: Vamsi | C60: Bangalore | D60: West | E60: 74 | F60: 66 | G60: 59 | H60: ninety two | I60: Test2 | J60: =UPPER(C18) -> BANGALORE | K60: 0.92 | L60: =VLOOKUP(C60, Mapping!A:B, 2, FALSE) -> South | M60: =E60 + F60 + G60 -> 199 | N60: =AVERAGE(E60, F60, G60) -> 66.333333 | O60: =IF(N60>80,"Top",IF(N60>60,"Average","Low")) -> Average | P60: =K60*100 -> 92 | Q60: =FLOOR(P60,10) -> 90
A61: 103 | B61: Deepika | C61: hyderabad | D61: West | E61: 66 | F61: 78 | G61: 90 | H61: 0.95 | I61: Test2 | J61: =UPPER(C20) -> HYDERABAD | K61: 0.95 | L61: =VLOOKUP(C61, Mapping!A:B, 2, FALSE) -> South | M61: =E61 + F61 + G61 -> 234 | N61: =AVERAGE(E61, F61, G61) -> 78 | O61: =IF(N61>80,"Top",IF(N61>60,"Average","Low")) -> Average | P61: =K61*100 -> 95 | Q61: =FLOOR(P61,10) -> 90
A62: 189 | B62: Amulya | C62: Chennai | D62: South | E62: 78 | F62: 58 | G62: 68 | H62: 0.79 | I62: Test2 | J62: =UPPER(C34) -> CHENNAI | K62: 0.79 | L62: =VLOOKUP(C62, Mapping!A:B, 2, FALSE) -> South | M62: =E62 + F62 + G62 -> 204 | N62: =AVERAGE(E62, F62, G62) -> 68 | O62: =IF(N62>80,"Top",IF(N62>60,"Average","Low")) -> Average | P62: =K62*100 -> 79 | Q62: =FLOOR(P62,10) -> 70
A63: 104 | B63: Soumya | C63: Chennai | D63: North | E63: 52 | F63: 59 | G63: 78 | H63: 0.87 | I63: Test2 | J63: =UPPER(C34) -> CHENNAI | K63: 0.87 | L63: =VLOOKUP(C63, Mapping!A:B, 2, FALSE) -> South | M63: =E63 + F63 + G63 -> 189 | N63: =AVERAGE(E63, F63, G63) -> 63 | O63: =IF(N63>80,"Top",IF(N63>60,"Average","Low")) -> Average | P63: =K63*100 -> 87 | Q63: =FLOOR(P63,10) -> 80
A64: 130 | B64: Suresh | C64: Bangalore | D64: West | E64: 78 | F64: 52 | G64: 66 | H64: 0.95 | I64: Test2 | J64: =UPPER(C6) -> BANGALORE | K64: 0.95 | L64: =VLOOKUP(C64, Mapping!A:B, 2, FALSE) -> South | M64: =E64 + F64 + G64 -> 196 | N64: =AVERAGE(E64, F64, G64) -> 65.333333 | O64: =IF(N64>80,"Top",IF(N64>60,"Average","Low")) -> Average | P64: =K64*100 -> 95 | Q64: =FLOOR(P64,10) -> 90
A65: 149 | B65: Pujitha | C65: Chennai | D65: West | E65: 78 | F65: 59 | G65: 90 | H65: 0.95 | I65: Test2 | J65: =UPPER(C34) -> CHENNAI | K65: 0.95 | L65: =VLOOKUP(C65, Mapping!A:B, 2, FALSE) -> South | M65: =E65 + F65 + G65 -> 227 | N65: =AVERAGE(E65, F65, G65) -> 75.666667 | O65: =IF(N65>80,"Top",IF(N65>60,"Average","Low")) -> Average | P65: =K65*100 -> 95 | Q65: =FLOOR(P65,10) -> 90
A66: 29 | B66: Trisha | C66: Hyderabad | D66: East | E66: 90 | F66: 76 | G66: 60 | H66: 0.94 | I66: Test2 | J66: =UPPER(C20) -> HYDERABAD | K66: 0.94 | L66: =VLOOKUP(C66, Mapping!A:B, 2, FALSE) -> South | M66: =E66 + F66 + G66 -> 226 | N66: =AVERAGE(E66, F66, G66) -> 75.333333 | O66: =IF(N66>80,"Top",IF(N66>60,"Average","Low")) -> Average | P66: =K66*100 -> 94 | Q66: =FLOOR(P66,10) -> 90
A67: 140 | B67: Shyam | C67: BANGALORE | D67: North | E67: 59 | F67: 90 | G67: 59 | H67: 0.87 | I67: Test2 | J67: =UPPER(C18) -> BANGALORE | K67: 0.87 | L67: =VLOOKUP(C67, Mapping!A:B, 2, FALSE) -> South | M67: =E67 + F67 + G67 -> 208 | N67: =AVERAGE(E67, F67, G67) -> 69.333333 | O67: =IF(N67>80,"Top",IF(N67>60,"Average","Low")) -> Average | P67: =K67*100 -> 87 | Q67: =FLOOR(P67,10) -> 80
A68: 106 | B68: Sri | C68: Bangalore | D68: North | E68: 90 | F68: 66 | G68: 66 | H68: 0.9 | I68: Test2 | J68: =UPPER(C18) -> BANGALORE | K68: 0.9 | L68: =VLOOKUP(C68, Mapping!A:B, 2, FALSE) -> South | M68: =E68 + F68 + G68 -> 222 | N68: =AVERAGE(E68, F68, G68) -> 74 | O68: =IF(N68>80,"Top",IF(N68>60,"Average","Low")) -> Average | P68: =K68*100 -> 90 | Q68: =FLOOR(P68,10) -> 90
A69: 104 | B69: Soumya | C69: Bangalore | D69: West | E69: 52 | F69: 59 | G69: 78 | H69: eighty five | I69: Test2 | J69: =UPPER(C6) -> BANGALORE | K69: 0.85 | L69: =VLOOKUP(C69, Mapping!A:B, 2, FALSE) -> South | M69: =E69 + F69 + G69 -> 189 | N69: =AVERAGE(E69, F69, G69) -> 63 | O69: =IF(N69>80,"Top",IF(N69>60,"Average","Low")) -> Average | P69: =K69*100 -> 85 | Q69: =FLOOR(P69,10) -> 80
A70: 146 | B70: Lakshmi | C70: Chennai | D70: South | E70: 52 | F70: 66 | G70: 66 | H70: 0.79 | I70: Test2 | J70: =UPPER(C34) -> CHENNAI | K70: 0.79 | L70: =VLOOKUP(C70, Mapping!A:B, 2, FALSE) -> South | M70: =E70 + F70 + G70 -> 184 | N70: =AVERAGE(E70, F70, G70) -> 61.333333 | O70: =IF(N70>80,"Top",IF(N70>60,"Average","Low")) -> Average | P70: =K70*100 -> 79 | Q70: =FLOOR(P70,10) -> 70
A71: 103 | B71: Deepika | C71: hyderabad | D71: West | E71: 66 | F71: 78 | G71: 90 | H71: seventy nine | I71: Test2 | J71: =UPPER(C20) -> HYDERABAD | K71: 0.79 | L71: =VLOOKUP(C71, Mapping!A:B, 2, FALSE) -> South | M71: =E71 + F71 + G71 -> 234 | N71: =AVERAGE(E71, F71, G71) -> 78 | O71: =IF(N71>80,"Top",IF(N71>60,"Average","Low")) -> Average | P71: =K71*100 -> 79 | Q71: =FLOOR(P71,10) -> 70
A72: 57 | B72: Sheetal | C72: Bangalore | D72: South | E72: 98 | F72: 57 | G72: 86 | H72: 0.78 | I72: Test2 | J72: =UPPER(C18) -> BANGALORE | K72: 0.78 | L72: =VLOOKUP(C72, Mapping!A:B, 2, FALSE) -> South | M72: =E72 + F72 + G72 -> 241 | N72: =AVERAGE(E72, F72, G72) -> 80.333333 | O72: =IF(N72>80,"Top",IF(N72>60,"Average","Low")) -> Top | P72: =K72*100 -> 78 | Q72: =FLOOR(P72,10) -> 70
A73: 149 | B73: Pujitha | C73: Chennai | D73: West | E73: 78 | F73: 59 | G73: 90 | H73: ninety two | I73: Test2 | J73: =UPPER(C34) -> CHENNAI | K73: 0.92 | L73: =VLOOKUP(C73, Mapping!A:B, 2, FALSE) -> South | M73: =E73 + F73 + G73 -> 227 | N73: =AVERAGE(E73, F73, G73) -> 75.666667 | O73: =IF(N73>80,"Top",IF(N73>60,"Average","Low")) -> Average | P73: =K73*100 -> 92 | Q73: =FLOOR(P73,10) -> 90
A74: 106 | B74: Vamsi | C74: Bangalore | D74: South | E74: 74 | F74: 66 | G74: 59 | H74: 0.82 | I74: Test2 | J74: =UPPER(C18) -> BANGALORE | K74: 0.82 | L74: =VLOOKUP(C74, Mapping!A:B, 2, FALSE) -> South | M74: =E74 + F74 + G74 -> 199 | N74: =AVERAGE(E74, F74, G74) -> 66.333333 | O74: =IF(N74>80,"Top",IF(N74>60,"Average","Low")) -> Average | P74: =K74*100 -> 82 | Q74: =FLOOR(P74,10) -> 80
A75: 130 | B75: Suresh | C75: BANGALORE | D75: West | E75: 78 | F75: 52 | G75: 66 | H75: 0.95 | I75: Test2 | J75: =UPPER(C18) -> BANGALORE | K75: 0.95 | L75: =VLOOKUP(C75, Mapping!A:B, 2, FALSE) -> South | M75: =E75 + F75 + G75 -> 196 | N75: =AVERAGE(E75, F75, G75) -> 65.333333 | O75: =IF(N75>80,"Top",IF(N75>60,"Average","Low")) -> Average | P75: =K75*100 -> 95 | Q75: =FLOOR(P75,10) -> 90
A76: 124 | B76: Sheeba | C76: BANGALORE | D76: West | E76: 74 | F76: 66 | G76: 78 | H76: 0.9 | I76: Test2 | J76: =UPPER(C18) -> BANGALORE | K76: 0.9 | L76: =VLOOKUP(C76, Mapping!A:B, 2, FALSE) -> South | M76: =E76 + F76 + G76 -> 218 | N76: =AVERAGE(E76, F76, G76) -> 72.666667 | O76: =IF(N76>80,"Top",IF(N76>60,"Average","Low")) -> Average | P76: =K76*100 -> 90 | Q76: =FLOOR(P76,10) -> 90
A77: 120 | B77: Hrushi | C77: BANGALORE | D77: West | E77: 74 | F77: 74 | G77: 59 | H77: 0.82 | I77: Test2 | J77: =UPPER(C18) -> BANGALORE | K77: 0.82 | L77: =VLOOKUP(C77, Mapping!A:B, 2, FALSE) -> South | M77: =E77 + F77 + G77 -> 207 | N77: =AVERAGE(E77, F77, G77) -> 69 | O77: =IF(N77>80,"Top",IF(N77>60,"Average","Low")) -> Average | P77: =K77*100 -> 82 | Q77: =FLOOR(P77,10) -> 80
A78: 148 | B78: Srija | C78: BANGALORE | D78: South | E78: 90 | F78: 59 | G78: 78 | H78: seventy nine | I78: Test2 | J78: =UPPER(C18) -> BANGALORE | K78: 0.79 | L78: =VLOOKUP(C78, Mapping!A:B, 2, FALSE) -> South | M78: =E78 + F78 + G78 -> 227 | N78: =AVERAGE(E78, F78, G78) -> 75.666667 | O78: =IF(N78>80,"Top",IF(N78>60,"Average","Low")) -> Average | P78: =K78*100 -> 79 | Q78: =FLOOR(P78,10) -> 70
A79: 146 | B79: Lakshmi | C79: Bangalore | D79: West | E79: 52 | F79: 66 | G79: 66 | H79: 0.79 | I79: Test2 | J79: =UPPER(C18) -> BANGALORE | K79: 0.79 | L79: =VLOOKUP(C79, Mapping!A:B, 2, FALSE) -> South | M79: =E79 + F79 + G79 -> 184 | N79: =AVERAGE(E79, F79, G79) -> 61.333333 | O79: =IF(N79>80,"Top",IF(N79>60,"Average","Low")) -> Average | P79: =K79*100 -> 79 | Q79: =FLOOR(P79,10) -> 70
A80: 78 | B80: Deeksha | C80: PUNE | D80: West | E80: 99 | F80: 76 | G80: 89 | H80: 0.9 | I80: Test2 | J80: PUNE | K80: 0.9 | L80: =VLOOKUP(C80, Mapping!A:B, 2, FALSE) -> West | M80: =E80 + F80 + G80 -> 264 | N80: =AVERAGE(E80, F80, G80) -> 88 | O80: =IF(N80>80,"Top",IF(N80>60,"Average","Low")) -> Top | P80: =K80*100 -> 90 | Q80: =FLOOR(P80,10) -> 90
A81: 130 | B81: Suresh | C81: Chennai | D81: West | E81: 78 | F81: 52 | G81: 66 | H81: eighty five | I81: Test2 | J81: =UPPER(C34) -> CHENNAI | K81: 0.85 | L81: =VLOOKUP(C81, Mapping!A:B, 2, FALSE) -> South | M81: =E81 + F81 + G81 -> 196 | N81: =AVERAGE(E81, F81, G81) -> 65.333333 | O81: =IF(N81>80,"Top",IF(N81>60,"Average","Low")) -> Average | P81: =K81*100 -> 85 | Q81: =FLOOR(P81,10) -> 80
A82: 140 | B82: Shyam | C82: Bangalore | D82: North | E82: 59 | F82: 90 | G82: 59 | H82: 0.87 | I82: Test2 | J82: =UPPER(C6) -> BANGALORE | K82: 0.87 | L82: =VLOOKUP(C82, Mapping!A:B, 2, FALSE) -> South | M82: =E82 + F82 + G82 -> 208 | N82: =AVERAGE(E82, F82, G82) -> 69.333333 | O82: =IF(N82>80,"Top",IF(N82>60,"Average","Low")) -> Average | P82: =K82*100 -> 87 | Q82: =FLOOR(P82,10) -> 80
A83: 108 | B83: Blessy | C83: Chennai | D83: South | E83: 59 | F83: 59 | G83: 66 | H83: 0.79 | I83: Test2 | J83: =UPPER(C34) -> CHENNAI | K83: 0.79 | L83: =VLOOKUP(C83, Mapping!A:B, 2, FALSE) -> South | M83: =E83 + F83 + G83 -> 184 | N83: =AVERAGE(E83, F83, G83) -> 61.333333 | O83: =IF(N83>80,"Top",IF(N83>60,"Average","Low")) -> Average | P83: =K83*100 -> 79 | Q83: =FLOOR(P83,10) -> 70
A84: 146 | B84: Lakshmi | C84: Bangalore | D84: South | E84: 52 | F84: 66 | G84: 66 | H84: 0.79 | I84: Test2 | J84: =UPPER(C18) -> BANGALORE | K84: 0.79 | L84: =VLOOKUP(C84, Mapping!A:B, 2, FALSE) -> South | M84: =E84 + F84 + G84 -> 184 | N84: =AVERAGE(E84, F84, G84) -> 61.333333 | O84: =IF(N84>80,"Top",IF(N84>60,"Average","Low")) -> Average | P84: =K84*100 -> 79 | Q84: =FLOOR(P84,10) -> 70
A85: 288 | B85: Harini | C85: Chennai | D85: South | E85: 68 | F85: 89 | G85: 70 | H85: 0.88 | I85: Test2 | J85: =UPPER(C34) -> CHENNAI | K85: 0.88 | L85: =VLOOKUP(C85, Mapping!A:B, 2, FALSE) -> South | M85: =E85 + F85 + G85 -> 227 | N85: =AVERAGE(E85, F85, G85) -> 75.666667 | O85: =IF(N85>80,"Top",IF(N85>60,"Average","Low")) -> Average | P85: =K85*100 -> 88 | Q85: =FLOOR(P85,10) -> 80
A86: 106 | B86: Sri | C86: BANGALORE | D86: North | E86: 90 | F86: 66 | G86: 66 | H86: ninety two | I86: Test2 | J86: =UPPER(C18) -> BANGALORE | K86: 0.92 | L86: =VLOOKUP(C86, Mapping!A:B, 2, FALSE) -> South | M86: =E86 + F86 + G86 -> 222 | N86: =AVERAGE(E86, F86, G86) -> 74 | O86: =IF(N86>80,"Top",IF(N86>60,"Average","Low")) -> Average | P86: =K86*100 -> 92 | Q86: =FLOOR(P86,10) -> 90
A87: 104 | B87: Soumya | C87: Chennai | D87: West | E87: 52 | F87: 59 | G87: 78 | H87: 0.87 | I87: Test2 | J87: =UPPER(C34) -> CHENNAI | K87: 0.87 | L87: =VLOOKUP(C87, Mapping!A:B, 2, FALSE) -> South | M87: =E87 + F87 + G87 -> 189 | N87: =AVERAGE(E87, F87, G87) -> 63 | O87: =IF(N87>80,"Top",IF(N87>60,"Average","Low")) -> Average | P87: =K87*100 -> 87 | Q87: =FLOOR(P87,10) -> 80
A88: 118 | B88: Satya | C88: Bangalore | D88: South | E88: 59 | F88: 86 | G88: 90 | H88: 0.95 | I88: Test2 | J88: =UPPER(C18) -> BANGALORE | K88: 0.95 | L88: =VLOOKUP(C88, Mapping!A:B, 2, FALSE) -> South | M88: =E88 + F88 + G88 -> 235 | N88: =AVERAGE(E88, F88, G88) -> 78.333333 | O88: =IF(N88>80,"Top",IF(N88>60,"Average","Low")) -> Average | P88: =K88*100 -> 95 | Q88: =FLOOR(P88,10) -> 90
A89: 580 | B89: Meenakshi | C89: PUNE | D89: West | E89: 68 | F89: 79 | G89: 98 | H89: 0.94 | I89: Test2 | J89: PUNE | K89: 0.94 | L89: =VLOOKUP(C89, Mapping!A:B, 2, FALSE) -> West | M89: =E89 + F89 + G89 -> 245 | N89: =AVERAGE(E89, F89, G89) -> 81.666667 | O89: =IF(N89>80,"Top",IF(N89>60,"Average","Low")) -> Top | P89: =K89*100 -> 94 | Q89: =FLOOR(P89,10) -> 90
A90: 108 | B90: Blessy | C90: Chennai | D90: West | E90: 59 | F90: 59 | G90: 66 | H90: 0.79 | I90: Test2 | J90: =UPPER(C34) -> CHENNAI | K90: 0.79 | L90: =VLOOKUP(C90, Mapping!A:B, 2, FALSE) -> South | M90: =E90 + F90 + G90 -> 184 | N90: =AVERAGE(E90, F90, G90) -> 61.333333 | O90: =IF(N90>80,"Top",IF(N90>60,"Average","Low")) -> Average | P90: =K90*100 -> 79 | Q90: =FLOOR(P90,10) -> 70
A91: 190 | B91: om | C91: Chennai | D91: South | E91: 58 | F91: 98 | G91: 79 | H91: 0.8 | I91: Test2 | J91: =UPPER(C34) -> CHENNAI | K91: 0.8 | L91: =VLOOKUP(C91, Mapping!A:B, 2, FALSE) -> South | M91: =E91 + F91 + G91 -> 235 | N91: =AVERAGE(E91, F91, G91) -> 78.333333 | O91: =IF(N91>80,"Top",IF(N91>60,"Average","Low")) -> Average | P91: =K91*100 -> 80 | Q91: =FLOOR(P91,10) -> 80
A92: 120 | B92: Hrushi | C92: BANGALORE | D92: South | E92: 74 | F92: 74 | G92: 59 | H92: eighty five | I92: Test2 | J92: =UPPER(C18) -> BANGALORE | K92: 0.85 | L92: =VLOOKUP(C92, Mapping!A:B, 2, FALSE) -> South | M92: =E92 + F92 + G92 -> 207 | N92: =AVERAGE(E92, F92, G92) -> 69 | O92: =IF(N92>80,"Top",IF(N92>60,"Average","Low")) -> Average | P92: =K92*100 -> 85 | Q92: =FLOOR(P92,10) -> 80
A93: 118 | B93: Satya | C93: PUNE | D93: West | E93: 59 | F93: 86 | G93: 90 | H93: 0.95 | I93: Test2 | J93: PUNE | K93: 0.95 | L93: =VLOOKUP(C93, Mapping!A:B, 2, FALSE) -> West | M93: =E93 + F93 + G93 -> 235 | N93: =AVERAGE(E93, F93, G93) -> 78.333333 | O93: =IF(N93>80,"Top",IF(N93>60,"Average","Low")) -> Average | P93: =K93*100 -> 95 | Q93: =FLOOR(P93,10) -> 90
A94: 149 | B94: Pujitha | C94: Chennai | D94: West | E94: 78 | F94: 59 | G94: 90 | H94: 0.95 | I94: Test3 | J94: =UPPER(C34) -> CHENNAI | K94: 0.95 | L94: =VLOOKUP(C94, Mapping!A:B, 2, FALSE) -> South | M94: =E94 + F94 + G94 -> 227 | N94: =AVERAGE(E94, F94, G94) -> 75.666667 | O94: =IF(N94>80,"Top",IF(N94>60,"Average","Low")) -> Average | P94: =K94*100 -> 95 | Q94: =FLOOR(P94,10) -> 90
A95: 103 | B95: Deepika | C95: hyderabad | D95: West | E95: 66 | F95: 78 | G95: 90 | H95: 0.95 | I95: Test3 | J95: =UPPER(C20) -> HYDERABAD | K95: 0.95 | L95: =VLOOKUP(C95, Mapping!A:B, 2, FALSE) -> South | M95: =E95 + F95 + G95 -> 234 | N95: =AVERAGE(E95, F95, G95) -> 78 | O95: =IF(N95>80,"Top",IF(N95>60,"Average","Low")) -> Average | P95: =K95*100 -> 95 | Q95: =FLOOR(P95,10) -> 90
A96: 104 | B96: Soumya | C96: Bangalore | D96: North | E96: 52 | F96: 59 | G96: 78 | H96: 0.87 | I96: Test3 | J96: =UPPER(C6) -> BANGALORE | K96: 0.87 | L96: =VLOOKUP(C96, Mapping!A:B, 2, FALSE) -> South | M96: =E96 + F96 + G96 -> 189 | N96: =AVERAGE(E96, F96, G96) -> 63 | O96: =IF(N96>80,"Top",IF(N96>60,"Average","Low")) -> Average | P96: =K96*100 -> 87 | Q96: =FLOOR(P96,10) -> 80
A97: 82 | B97: Janaki | C97: HYDERABAD | D97: East | E97: 78 | F97: 98 | G97: 69 | H97: 0.89 | I97: Test3 | J97: =UPPER(C20) -> HYDERABAD | K97: 0.89 | L97: =VLOOKUP(C97, Mapping!A:B, 2, FALSE) -> South | M97: =E97 + F97 + G97 -> 245 | N97: =AVERAGE(E97, F97, G97) -> 81.666667 | O97: =IF(N97>80,"Top",IF(N97>60,"Average","Low")) -> Top | P97: =K97*100 -> 89 | Q97: =FLOOR(P97,10) -> 80
A98: 140 | B98: Shyam | C98: Bangalore | D98: North | E98: 59 | F98: 90 | G98: 59 | H98: 0.87 | I98: Test3 | J98: =UPPER(C6) -> BANGALORE | K98: 0.87 | L98: =VLOOKUP(C98, Mapping!A:B, 2, FALSE) -> South | M98: =E98 + F98 + G98 -> 208 | N98: =AVERAGE(E98, F98, G98) -> 69.333333 | O98: =IF(N98>80,"Top",IF(N98>60,"Average","Low")) -> Average | P98: =K98*100 -> 87 | Q98: =FLOOR(P98,10) -> 80
A99: 120 | B99: Hrushi | C99: Pune | D99: South | E99: 74 | F99: 74 | G99: 59 | H99: 0.82 | I99: Test3 | J99: Pune | K99: 0.82 | L99: =VLOOKUP(C99, Mapping!A:B, 2, FALSE) -> West | M99: =E99 + F99 + G99 -> 207 | N99: =AVERAGE(E99, F99, G99) -> 69 | O99: =IF(N99>80,"Top",IF(N99>60,"Average","Low")) -> Average | P99: =K99*100 -> 82 | Q99: =FLOOR(P99,10) -> 80
A100: 90 | B100: Seetha | C100: Bangalore | D100: West | E100: 58 | F100: 69 | G100: 85 | H100: 0.77 | I100: Test3 | J100: =UPPER(C6) -> BANGALORE | K100: 0.77 | L100: =VLOOKUP(C100, Mapping!A:B, 2, FALSE) -> South | M100: =E100 + F100 + G100 -> 212 | N100: =AVERAGE(E100, F100, G100) -> 70.666667 | O100: =IF(N100>80,"Top",IF(N100>60,"Average","Low")) -> Average | P100: =K100*100 -> 77 | Q100: =FLOOR(P100,10) -> 70
...

Sheet Mapping
A1: City | B1: Zone
A2: BANGALORE | B2: South
A3: HYDERABAD | B3: South
A4: DELHI | B4: North
A5: MUMBAI | B5: West
A6: CHENNAI | B6: South
A7: PUNE | B7: West
